{"v":"5.8.1","fr":24,"ip":0,"op":48,"w":192,"h":185,"nm":"Cara_Pedido","ddd":0,"assets":[],"layers":[{"ddd":0,"ind":1,"ty":4,"nm":"Capa 5","sr":1,"ks":{"p":{"a":1,"k":[{"i":{"x":0.667,"y":1},"o":{"x":0.333,"y":0},"t":0,"s":[156.565,141.506,0],"to":[0,-3.167,0],"ti":[0,3.167,0]},{"i":{"x":0.667,"y":0.667},"o":{"x":0.333,"y":0.333},"t":6,"s":[156.565,122.506,0],"to":[0,0,0],"ti":[0,0,0]},{"i":{"x":0.667,"y":1},"o":{"x":0.333,"y":0},"t":29,"s":[156.565,122.506,0],"to":[0,0,0],"ti":[0,-3.167,0]},{"i":{"x":0.667,"y":0.667},"o":{"x":0.333,"y":0.333},"t":36,"s":[156.565,141.506,0],"to":[0,0,0],"ti":[0,0,0]},{"t":48,"s":[156.565,141.506,0]}],"ix":2,"l":2},"a":{"a":0,"k":[156.565,122.506,0],"ix":1,"l":2},"s":{"a":1,"k":[{"i":{"x":[0.667,0.667,0.667],"y":[1,1,1]},"o":{"x":[0.333,0.333,0.333],"y":[0,0,0]},"t":0,"s":[90,90,100]},{"i":{"x":[0.667,0.667,0.667],"y":[1,1,1]},"o":{"x":[0.333,0.333,0.333],"y":[0,0,0]},"t":6,"s":[100,100,100]},{"i":{"x":[0.667,0.667,0.667],"y":[1,1,1]},"o":{"x":[0.333,0.333,0.333],"y":[0,0,0]},"t":29,"s":[100,100,100]},{"t":36,"s":[90,90,100]}],"ix":6,"l":2}},"ao":0,"shapes":[{"ty":"gr","it":[{"ind":0,"ty":"sh","ix":1,"ks":{"a":0,"k":{"i":[[13.868,1.594],[7.402,-8.781],[-1.944,-3.844],[-13.991,-4.184],[10.749,-3.4],[-8.473,-4.655],[-12.948,-2.551],[4.469,-4.482],[-11.411,-5.86],[-7.811,3.782],[1.499,20.874]],"o":[[-12.148,-1.261],[-3.541,5.045],[14.75,-3.392],[-17.056,-2.862],[-8.062,5.467],[8.407,-4.208],[-16.013,-1.776],[-3.518,7.193],[9.359,4.187],[12.84,-8.391],[-1.293,-15.177]],"v":[[5.397,-38.315],[-23.839,-26.845],[-25.995,-13.564],[17.039,-11.58],[-25.11,-11.213],[-25.499,13.042],[7.423,11.878],[-24.464,15.306],[-12.885,34.906],[12.987,36.113],[31.312,-9.987]],"c":true},"ix":2},"nm":"Trazado 1","mn":"ADBE Vector Shape - Group","hd":false},{"ty":"fl","c":{"a":0,"k":[0.972549021244,0.972549021244,0.972549021244,1],"ix":4},"o":{"a":0,"k":100,"ix":5},"r":1,"bm":0,"nm":"Relleno 1","mn":"ADBE Vector Graphic - Fill","hd":false},{"ty":"tr","p":{"a":0,"k":[157.047,122.441],"ix":2},"a":{"a":0,"k":[0,0],"ix":1},"s":{"a":0,"k":[100,100],"ix":3},"r":{"a":0,"k":0,"ix":6},"o":{"a":0,"k":100,"ix":7},"sk":{"a":0,"k":0,"ix":4},"sa":{"a":0,"k":0,"ix":5},"nm":"Transformar"}],"nm":"Trazado 14010","np":2,"cix":2,"bm":0,"ix":1,"mn":"ADBE Vector Group","hd":false},{"ty":"gr","it":[{"ind":0,"ty":"sh","ix":1,"ks":{"a":0,"k":{"i":[[-1.48,18.763],[19.734,2.494],[7.809,-8.992],[-2.321,-5.352],[-10.349,-8.797],[-5.325,-3.511],[-10.069,4.446]],"o":[[0.637,-23.217],[-12.7,-1.545],[-4.436,5.464],[-7.906,5.084],[-1.189,8.071],[9.142,7.689],[10.463,-7.852]],"v":[[33.736,-0.262],[6.009,-39.762],[-24.413,-27.862],[-26.892,-11.649],[-26.892,14.914],[-20.511,32.162],[14.331,37.854]],"c":true},"ix":2},"nm":"Trazado 1","mn":"ADBE Vector Shape - Group","hd":false},{"ty":"fl","c":{"a":0,"k":[0.9137254901960784,0.9137254901960784,0.9137254901960784,1],"ix":4},"o":{"a":0,"k":100,"ix":5},"r":1,"bm":0,"nm":"Relleno 1","mn":"ADBE Vector Graphic - Fill","hd":false},{"ty":"tr","p":{"a":0,"k":[156.565,122.506],"ix":2},"a":{"a":0,"k":[0,0],"ix":1},"s":{"a":0,"k":[100,100],"ix":3},"r":{"a":0,"k":0,"ix":6},"o":{"a":0,"k":100,"ix":7},"sk":{"a":0,"k":0,"ix":4},"sa":{"a":0,"k":0,"ix":5},"nm":"Transformar"}],"nm":"Trazado 14009","np":2,"cix":2,"bm":0,"ix":2,"mn":"ADBE Vector Group","hd":false}],"ip":0,"op":48,"st":0,"bm":0},{"ddd":0,"ind":2,"ty":4,"nm":"Capa 7","parent":1,"sr":1,"ks":{"r":{"a":1,"k":[{"i":{"x":[0.667],"y":[1]},"o":{"x":[0.333],"y":[0]},"t":0,"s":[-20]},{"i":{"x":[0.667],"y":[1]},"o":{"x":[0.333],"y":[0]},"t":6,"s":[0]},{"i":{"x":[0.667],"y":[1]},"o":{"x":[0.333],"y":[0]},"t":25,"s":[0]},{"t":36,"s":[-20]}],"ix":10},"p":{"a":0,"k":[165.504,97.062,0],"ix":2,"l":2},"a":{"a":0,"k":[165.504,97.062,0],"ix":1,"l":2},"s":{"a":1,"k":[{"i":{"x":[0.667,0.667,0.667],"y":[1,1,1]},"o":{"x":[0.333,0.333,0.333],"y":[0,0,0]},"t":0,"s":[100,0,100]},{"i":{"x":[0.667,0.667,0.667],"y":[1,1,1]},"o":{"x":[0.333,0.333,0.333],"y":[0,0,0]},"t":6,"s":[100,100,100]},{"i":{"x":[0.667,0.667,0.667],"y":[1,1,1]},"o":{"x":[0.333,0.333,0.333],"y":[0,0,0]},"t":25,"s":[100,100,100]},{"t":36,"s":[100,0,100]}],"ix":6,"l":2}},"ao":0,"shapes":[{"ty":"gr","it":[{"ind":0,"ty":"sh","ix":1,"ks":{"a":0,"k":{"i":[[0,0],[-3.361,8.697],[10.34,1.403],[1.17,-11.11],[-2.522,-9.859]],"o":[[-1.191,-7.024],[3.072,-9.967],[-9.261,-1.171],[-1.05,7.006],[0,0]],"v":[[7.755,23.518],[12.585,-2.01],[4.219,-23.381],[-13.792,-7.008],[-10.442,21.016]],"c":true},"ix":2},"nm":"Trazado 1","mn":"ADBE Vector Shape - Group","hd":false},{"ty":"fl","c":{"a":0,"k":[0.972549021244,0.972549021244,0.972549021244,1],"ix":4},"o":{"a":0,"k":100,"ix":5},"r":1,"bm":0,"nm":"Relleno 1","mn":"ADBE Vector Graphic - Fill","hd":false},{"ty":"tr","p":{"a":0,"k":[165.642,72.077],"ix":2},"a":{"a":0,"k":[0,0],"ix":1},"s":{"a":0,"k":[100,100],"ix":3},"r":{"a":0,"k":0,"ix":6},"o":{"a":0,"k":100,"ix":7},"sk":{"a":0,"k":0,"ix":4},"sa":{"a":0,"k":0,"ix":5},"nm":"Transformar"}],"nm":"Trazado 14006","np":2,"cix":2,"bm":0,"ix":1,"mn":"ADBE Vector Group","hd":false},{"ty":"gr","it":[{"ind":0,"ty":"sh","ix":1,"ks":{"a":0,"k":{"i":[[0,0],[-3.716,9.62],[11.437,1.551],[1.293,-12.289],[-2.789,-10.906]],"o":[[-1.317,-7.769],[3.4,-11.025],[-10.244,-1.3],[-1.162,7.75],[0,0]],"v":[[9.702,25.108],[14.49,-1.412],[4.27,-24.955],[-15.651,-6.845],[-11.642,22.391]],"c":true},"ix":2},"nm":"Trazado 1","mn":"ADBE Vector Shape - Group","hd":false},{"ty":"fl","c":{"a":0,"k":[0.913725495338,0.913725495338,0.913725495338,1],"ix":4},"o":{"a":0,"k":100,"ix":5},"r":1,"bm":0,"nm":"Relleno 1","mn":"ADBE Vector Graphic - Fill","hd":false},{"ty":"tr","p":{"a":0,"k":[165.504,71.954],"ix":2},"a":{"a":0,"k":[0,0],"ix":1},"s":{"a":0,"k":[100,100],"ix":3},"r":{"a":0,"k":0,"ix":6},"o":{"a":0,"k":100,"ix":7},"sk":{"a":0,"k":0,"ix":4},"sa":{"a":0,"k":0,"ix":5},"nm":"Transformar"}],"nm":"Trazado 14005","np":2,"cix":2,"bm":0,"ix":2,"mn":"ADBE Vector Group","hd":false}],"ip":0,"op":48,"st":0,"bm":0},{"ddd":0,"ind":3,"ty":4,"nm":"Capa de formas 1","parent":9,"td":1,"sr":1,"ks":{"p":{"a":0,"k":[101,77,0],"ix":2,"l":2}},"ao":0,"ef":[{"ty":29,"nm":"Desenfoque gaussiano","np":5,"mn":"ADBE Gaussian Blur 2","ix":1,"en":1,"ef":[{"ty":0,"nm":"Desenfoque","mn":"ADBE Gaussian Blur 2-0001","ix":1,"v":{"a":0,"k":80,"ix":1}},{"ty":7,"nm":"Dimensiones de desenfoque","mn":"ADBE Gaussian Blur 2-0002","ix":2,"v":{"a":0,"k":1,"ix":2}},{"ty":7,"nm":"Repetir píxeles del borde","mn":"ADBE Gaussian Blur 2-0003","ix":3,"v":{"a":0,"k":0,"ix":3}}]}],"shapes":[{"ty":"gr","it":[{"ty":"rc","d":1,"s":{"a":0,"k":[270,39],"ix":2},"p":{"a":1,"k":[{"i":{"x":0.667,"y":1},"o":{"x":0.333,"y":0},"t":0,"s":[0,-100],"to":[0,33.333],"ti":[0,-33.333]},{"t":36,"s":[0,100]}],"ix":3},"r":{"a":0,"k":0,"ix":4},"nm":"Trazado de rectángulo 1","mn":"ADBE Vector Shape - Rect","hd":false},{"ty":"fl","c":{"a":0,"k":[1,1,1,1],"ix":4},"o":{"a":0,"k":15,"ix":5},"r":1,"bm":0,"nm":"Relleno 1","mn":"ADBE Vector Graphic - Fill","hd":false},{"ty":"tr","p":{"a":0,"k":[0,0],"ix":2},"a":{"a":0,"k":[0,0],"ix":1},"s":{"a":0,"k":[100,100],"ix":3},"r":{"a":0,"k":-45,"ix":6},"o":{"a":0,"k":100,"ix":7},"sk":{"a":0,"k":0,"ix":4},"sa":{"a":0,"k":0,"ix":5},"nm":"Transformar"}],"nm":"Rectángulo 2","np":3,"cix":2,"bm":0,"ix":1,"mn":"ADBE Vector Group","hd":false},{"ty":"gr","it":[{"ty":"rc","d":1,"s":{"a":0,"k":[270,15],"ix":2},"p":{"a":1,"k":[{"i":{"x":0.667,"y":1},"o":{"x":0.333,"y":0},"t":0,"s":[0,-120],"to":[0,40],"ti":[0,-40]},{"t":36,"s":[0,120]}],"ix":3},"r":{"a":0,"k":0,"ix":4},"nm":"Trazado de rectángulo 1","mn":"ADBE Vector Shape - Rect","hd":false},{"ty":"fl","c":{"a":0,"k":[1,1,1,1],"ix":4},"o":{"a":0,"k":80,"ix":5},"r":1,"bm":0,"nm":"Relleno 1","mn":"ADBE Vector Graphic - Fill","hd":false},{"ty":"tr","p":{"a":0,"k":[0,0],"ix":2},"a":{"a":0,"k":[0,0],"ix":1},"s":{"a":0,"k":[100,100],"ix":3},"r":{"a":0,"k":-45,"ix":6},"o":{"a":0,"k":100,"ix":7},"sk":{"a":0,"k":0,"ix":4},"sa":{"a":0,"k":0,"ix":5},"nm":"Transformar"}],"nm":"Rectángulo 1","np":3,"cix":2,"bm":0,"ix":2,"mn":"ADBE Vector Group","hd":false},{"ty":"gr","it":[{"ty":"rc","d":1,"s":{"a":0,"k":[270,60],"ix":2},"p":{"a":1,"k":[{"i":{"x":0.667,"y":1},"o":{"x":0.333,"y":0},"t":0,"s":[0,-100],"to":[0,33.333],"ti":[0,-33.333]},{"t":36,"s":[0,100]}],"ix":3},"r":{"a":0,"k":0,"ix":4},"nm":"Trazado de rectángulo 1","mn":"ADBE Vector Shape - Rect","hd":false},{"ty":"fl","c":{"a":0,"k":[1,1,1,1],"ix":4},"o":{"a":0,"k":5,"ix":5},"r":1,"bm":0,"nm":"Relleno 1","mn":"ADBE Vector Graphic - Fill","hd":false},{"ty":"tr","p":{"a":0,"k":[0,0],"ix":2},"a":{"a":0,"k":[0,0],"ix":1},"s":{"a":0,"k":[100,100],"ix":3},"r":{"a":0,"k":-45,"ix":6},"o":{"a":0,"k":100,"ix":7},"sk":{"a":0,"k":0,"ix":4},"sa":{"a":0,"k":0,"ix":5},"nm":"Transformar"}],"nm":"Rectángulo 3","np":3,"cix":2,"bm":0,"ix":3,"mn":"ADBE Vector Group","hd":false}],"ip":0,"op":48,"st":0,"bm":0},{"ddd":0,"ind":4,"ty":4,"nm":"Capa 3","parent":9,"tt":1,"sr":1,"ks":{"p":{"a":0,"k":[74.613,50.32,0],"ix":2,"l":2}},"ao":0,"shapes":[{"ty":"gr","it":[{"ind":0,"ty":"sh","ix":1,"ks":{"a":0,"k":{"i":[[3.325,7.4],[15.365,10.957],[27.1,-3.509],[2.033,-1.684],[1.789,-5.956],[0.072,-5.194],[-3.331,-1.022],[-0.719,0.165],[-1.008,-1.124],[-1.473,-0.708],[-1.741,-0.108],[-1.027,0.79],[-28.763,3.371],[-1.773,-0.517],[-0.578,0.119],[0.085,1.073],[-0.49,0.208]],"o":[[-3.743,-8.34],[-6.614,-4.717],[-17.434,2.256],[-8.765,7.267],[-1.855,6.177],[-0.096,7.045],[0.566,0.174],[0.747,2.238],[1.292,1.441],[1.239,1.222],[2.5,0.158],[2.6,-2.01],[23.348,-2.736],[0.552,0.21],[1.11,-0.36],[0.835,0.439],[1.896,-0.805]],"v":[[54.134,-1.648],[30.496,-31.548],[-12.38,-36.079],[-43.934,-24.799],[-56.969,-3.307],[-58.957,12.526],[-55.732,26.212],[-53.857,26.237],[-50.283,31.834],[-46.329,35.289],[-42.056,37.529],[-36.498,35.329],[9.502,3],[53.536,15.453],[55.266,15.593],[56.34,12.475],[58.37,12.914]],"c":true},"ix":2},"nm":"Trazado 1","mn":"ADBE Vector Shape - Group","hd":false},{"ty":"fl","c":{"a":0,"k":[1,1,1,1],"ix":4},"o":{"a":0,"k":100,"ix":5},"r":1,"bm":0,"nm":"Relleno 1","mn":"ADBE Vector Graphic - Fill","hd":false},{"ty":"tr","p":{"a":0,"k":[0,0],"ix":2},"a":{"a":0,"k":[0,0],"ix":1},"s":{"a":0,"k":[100,100],"ix":3},"r":{"a":0,"k":0,"ix":6},"o":{"a":0,"k":100,"ix":7},"sk":{"a":0,"k":0,"ix":4},"sa":{"a":0,"k":0,"ix":5},"nm":"Transformar"}],"nm":"Grupo 1","np":2,"cix":2,"bm":0,"ix":1,"mn":"ADBE Vector Group","hd":false}],"ip":0,"op":48,"st":0,"bm":16},{"ddd":0,"ind":5,"ty":4,"nm":"Capa 2","parent":9,"sr":1,"ks":{"p":{"a":0,"k":[74.613,50.32,0],"ix":2,"l":2},"a":{"a":0,"k":[74.613,50.32,0],"ix":1,"l":2}},"ao":0,"shapes":[{"ty":"gr","it":[{"ind":0,"ty":"sh","ix":1,"ks":{"a":0,"k":{"i":[[-0.12,-0.648],[-1.15,-1.283],[-2.53,-0.162],[-1.05,0.812],[-29.461,3.453],[-1.815,-0.53],[-0.592,0.121],[0.069,0.435],[2.037,0.604],[9.06,-0.286],[9.6,-3.885]],"o":[[0.465,2.53],[1.831,2.042],[2.563,0.162],[2.661,-2.058],[23.911,-2.8],[0.565,0.215],[1.577,-0.508],[-1.007,-6.3],[-8.693,-2.568],[-4.863,0.188],[-24.358,9.856]],"v":[[-55.295,10.514],[-51.474,17.056],[-45.503,21.056],[-39.813,18.799],[7.3,-14.31],[52.395,-1.557],[54.167,-1.414],[55.162,-5.488],[35.05,-17.58],[8.25,-21.025],[-15.35,-16.54]],"c":true},"ix":2},"nm":"Trazado 1","mn":"ADBE Vector Shape - Group","hd":false},{"ty":"fl","c":{"a":0,"k":[0.16862745098039217,0.12941176470588237,0.4745098039215686,1],"ix":4},"o":{"a":0,"k":100,"ix":5},"r":1,"bm":0,"nm":"Relleno 1","mn":"ADBE Vector Graphic - Fill","hd":false},{"ty":"tr","p":{"a":0,"k":[75.804,65.098],"ix":2},"a":{"a":0,"k":[0,0],"ix":1},"s":{"a":0,"k":[100,100],"ix":3},"r":{"a":0,"k":0,"ix":6},"o":{"a":0,"k":100,"ix":7},"sk":{"a":0,"k":0,"ix":4},"sa":{"a":0,"k":0,"ix":5},"nm":"Transformar"}],"nm":"Trazado 14013","np":2,"cix":2,"bm":0,"ix":1,"mn":"ADBE Vector Group","hd":false},{"ty":"gr","it":[{"ind":0,"ty":"sh","ix":1,"ks":{"a":0,"k":{"i":[[-0.117,-0.634],[-1.122,-1.252],[-2.47,-0.153],[-1.027,0.79],[-28.763,3.371],[-1.773,-0.517],[-0.578,0.119],[0.069,0.426],[1.989,0.59],[8.848,-0.28],[9.369,-3.792]],"o":[[0.454,2.47],[1.788,1.994],[2.5,0.158],[2.6,-2.01],[23.348,-2.736],[0.552,0.21],[1.54,-0.5],[-0.984,-6.149],[-8.49,-2.507],[-4.748,0.184],[-23.779,9.625]],"v":[[-53.992,10.271],[-50.261,16.658],[-44.431,20.558],[-38.873,18.358],[7.127,-13.971],[51.16,-1.518],[52.89,-1.378],[53.86,-5.357],[34.222,-17.164],[8.048,-20.527],[-14.994,-16.148]],"c":true},"ix":2},"nm":"Trazado 1","mn":"ADBE Vector Shape - Group","hd":false},{"ty":"fl","c":{"a":0,"k":[0.054901960784313725,0.011764705882352941,0.3607843137254902,1],"ix":4},"o":{"a":0,"k":100,"ix":5},"r":1,"bm":0,"nm":"Relleno 1","mn":"ADBE Vector Graphic - Fill","hd":false},{"ty":"tr","p":{"a":0,"k":[76.988,67.291],"ix":2},"a":{"a":0,"k":[0,0],"ix":1},"s":{"a":0,"k":[100,100],"ix":3},"r":{"a":0,"k":0,"ix":6},"o":{"a":0,"k":100,"ix":7},"sk":{"a":0,"k":0,"ix":4},"sa":{"a":0,"k":0,"ix":5},"nm":"Transformar"}],"nm":"Trazado 14012","np":2,"cix":2,"bm":0,"ix":2,"mn":"ADBE Vector Group","hd":false},{"ty":"gr","it":[{"ind":0,"ty":"sh","ix":1,"ks":{"a":0,"k":{"i":[[1.85,0.568],[-0.096,7.045],[-1.855,6.177],[-8.765,7.267],[-17.434,2.256],[-6.614,-4.717],[-3.743,-8.34],[1.896,-0.805],[2.674,1.9],[9.671,2.466],[15.375,-6.145],[10.392,-6.393]],"o":[[-3.331,-1.022],[0.072,-5.194],[1.789,-5.956],[2.033,-1.684],[27.1,-3.509],[15.365,10.957],[3.325,7.4],[-1.264,0.537],[-8.213,-5.67],[-1.6,-0.392],[-21.7,8.672],[-6.059,3.73]],"v":[[-55.732,31.806],[-58.957,18.12],[-56.969,2.287],[-43.934,-19.205],[-12.38,-30.485],[30.496,-25.954],[54.134,3.946],[58.37,18.508],[51.74,14.933],[24.7,2.633],[-9.358,4.39],[-45.729,27.551]],"c":true},"ix":2},"nm":"Trazado 1","mn":"ADBE Vector Shape - Group","hd":false},{"ty":"fl","c":{"a":0,"k":[0.054901960784313725,0.011764705882352941,0.3607843137254902,1],"ix":4},"o":{"a":0,"k":100,"ix":5},"r":1,"bm":0,"nm":"Relleno 1","mn":"ADBE Vector Graphic - Fill","hd":false},{"ty":"tr","p":{"a":0,"k":[74.613,44.726],"ix":2},"a":{"a":0,"k":[0,0],"ix":1},"s":{"a":0,"k":[100,100],"ix":3},"r":{"a":0,"k":0,"ix":6},"o":{"a":0,"k":100,"ix":7},"sk":{"a":0,"k":0,"ix":4},"sa":{"a":0,"k":0,"ix":5},"nm":"Transformar"}],"nm":"Trazado 14011","np":2,"cix":2,"bm":0,"ix":3,"mn":"ADBE Vector Group","hd":false}],"ip":0,"op":48,"st":0,"bm":0},{"ddd":0,"ind":6,"ty":4,"nm":"Trazado 14002","parent":9,"sr":1,"ks":{"p":{"a":0,"k":[98.063,80.131,0],"ix":2,"l":2},"s":{"a":1,"k":[{"i":{"x":[0.667,0.667,0.667],"y":[1,1,1]},"o":{"x":[0.333,0.333,0.333],"y":[0,0,0]},"t":0,"s":[100,100,100]},{"i":{"x":[0.667,0.667,0.667],"y":[1,1,1]},"o":{"x":[0.333,0.333,0.333],"y":[0,0,0]},"t":12,"s":[110,110,100]},{"i":{"x":[0.667,0.667,0.667],"y":[1,1,1]},"o":{"x":[0.333,0.333,0.333],"y":[0,0,0]},"t":24,"s":[110,110,100]},{"t":36,"s":[100,100,100]}],"ix":6,"l":2}},"ao":0,"shapes":[{"ty":"gr","it":[{"ind":0,"ty":"sh","ix":1,"ks":{"a":1,"k":[{"i":{"x":0.667,"y":1},"o":{"x":0.333,"y":0},"t":3,"s":[{"i":[[-0.77,-4.271],[2.539,-0.459],[0.769,4.271],[-2.534,0.459]],"o":[[0.769,4.27],[-2.539,0.459],[-0.769,-4.271],[2.534,-0.459]],"v":[[4.591,-0.826],[1.39,7.733],[-4.591,0.827],[-1.396,-7.732]],"c":true}]},{"i":{"x":0.667,"y":1},"o":{"x":0.333,"y":0},"t":7,"s":[{"i":[[-0.77,-4.271],[2.539,-0.459],[0.769,4.271],[-2.534,0.459]],"o":[[0.769,4.27],[-2.539,0.459],[-0.769,-4.271],[2.534,-0.459]],"v":[[4.591,-0.826],[-0.087,-0.677],[-4.591,0.827],[-1.396,-7.732]],"c":true}]},{"i":{"x":0.667,"y":1},"o":{"x":0.333,"y":0},"t":24,"s":[{"i":[[-0.77,-4.271],[2.539,-0.459],[0.769,4.271],[-2.534,0.459]],"o":[[0.769,4.27],[-2.539,0.459],[-0.769,-4.271],[2.534,-0.459]],"v":[[4.591,-0.826],[-0.087,-0.677],[-4.591,0.827],[-1.396,-7.732]],"c":true}]},{"t":34,"s":[{"i":[[-0.77,-4.271],[2.539,-0.459],[0.769,4.271],[-2.534,0.459]],"o":[[0.769,4.27],[-2.539,0.459],[-0.769,-4.271],[2.534,-0.459]],"v":[[4.591,-0.826],[1.39,7.733],[-4.591,0.827],[-1.396,-7.732]],"c":true}]}],"ix":2},"nm":"Trazado 1","mn":"ADBE Vector Shape - Group","hd":false},{"ty":"fl","c":{"a":0,"k":[0.141176477075,0.141176477075,0.286274522543,1],"ix":4},"o":{"a":0,"k":100,"ix":5},"r":1,"bm":0,"nm":"Relleno 1","mn":"ADBE Vector Graphic - Fill","hd":false},{"ty":"tr","p":{"a":0,"k":[0,0],"ix":2},"a":{"a":0,"k":[0,0],"ix":1},"s":{"a":0,"k":[100,100],"ix":3},"r":{"a":0,"k":0,"ix":6},"o":{"a":0,"k":100,"ix":7},"sk":{"a":0,"k":0,"ix":4},"sa":{"a":0,"k":0,"ix":5},"nm":"Transformar"}],"nm":"Trazado 14002","np":2,"cix":2,"bm":0,"ix":1,"mn":"ADBE Vector Group","hd":false}],"ip":0,"op":48,"st":0,"bm":0},{"ddd":0,"ind":7,"ty":4,"nm":"Trazado 14001","parent":9,"sr":1,"ks":{"p":{"a":0,"k":[52.19,88.397,0],"ix":2,"l":2},"s":{"a":1,"k":[{"i":{"x":[0.667,0.667,0.667],"y":[1,1,1]},"o":{"x":[0.333,0.333,0.333],"y":[0,0,0]},"t":0,"s":[100,100,100]},{"i":{"x":[0.667,0.667,0.667],"y":[1,1,1]},"o":{"x":[0.333,0.333,0.333],"y":[0,0,0]},"t":12,"s":[110,110,100]},{"i":{"x":[0.667,0.667,0.667],"y":[1,1,1]},"o":{"x":[0.333,0.333,0.333],"y":[0,0,0]},"t":24,"s":[110,110,100]},{"t":36,"s":[100,100,100]}],"ix":6,"l":2}},"ao":0,"shapes":[{"ty":"gr","it":[{"ind":0,"ty":"sh","ix":1,"ks":{"a":1,"k":[{"i":{"x":0.667,"y":1},"o":{"x":0.333,"y":0},"t":3,"s":[{"i":[[-0.77,-4.27],[2.533,-0.459],[0.77,4.271],[-2.533,0.459]],"o":[[0.77,4.271],[-2.533,0.459],[-0.77,-4.271],[2.533,-0.459]],"v":[[4.587,-0.827],[1.394,7.732],[-4.587,0.826],[-1.393,-7.733]],"c":true}]},{"i":{"x":0.667,"y":1},"o":{"x":0.333,"y":0},"t":7,"s":[{"i":[[-0.77,-4.27],[2.533,-0.459],[0.77,4.271],[-2.533,0.459]],"o":[[0.77,4.271],[-2.533,0.459],[-0.77,-4.271],[2.533,-0.459]],"v":[[4.587,-0.827],[-0.197,-0.79],[-4.587,0.826],[-1.393,-7.733]],"c":true}]},{"i":{"x":0.667,"y":1},"o":{"x":0.333,"y":0},"t":24,"s":[{"i":[[-0.77,-4.27],[2.533,-0.459],[0.77,4.271],[-2.533,0.459]],"o":[[0.77,4.271],[-2.533,0.459],[-0.77,-4.271],[2.533,-0.459]],"v":[[4.587,-0.827],[-0.197,-0.79],[-4.587,0.826],[-1.393,-7.733]],"c":true}]},{"t":34,"s":[{"i":[[-0.77,-4.27],[2.533,-0.459],[0.77,4.271],[-2.533,0.459]],"o":[[0.77,4.271],[-2.533,0.459],[-0.77,-4.271],[2.533,-0.459]],"v":[[4.587,-0.827],[1.394,7.732],[-4.587,0.826],[-1.393,-7.733]],"c":true}]}],"ix":2},"nm":"Trazado 1","mn":"ADBE Vector Shape - Group","hd":false},{"ty":"fl","c":{"a":0,"k":[0.141176477075,0.141176477075,0.286274522543,1],"ix":4},"o":{"a":0,"k":100,"ix":5},"r":1,"bm":0,"nm":"Relleno 1","mn":"ADBE Vector Graphic - Fill","hd":false},{"ty":"tr","p":{"a":0,"k":[0,0],"ix":2},"a":{"a":0,"k":[0,0],"ix":1},"s":{"a":0,"k":[100,100],"ix":3},"r":{"a":0,"k":0,"ix":6},"o":{"a":0,"k":100,"ix":7},"sk":{"a":0,"k":0,"ix":4},"sa":{"a":0,"k":0,"ix":5},"nm":"Transformar"}],"nm":"Trazado 14001","np":2,"cix":2,"bm":0,"ix":1,"mn":"ADBE Vector Group","hd":false}],"ip":0,"op":48,"st":0,"bm":0},{"ddd":0,"ind":8,"ty":4,"nm":"Capa 9","parent":9,"sr":1,"ks":{"p":{"a":0,"k":[78.955,120.504,0],"ix":2,"l":2},"a":{"a":0,"k":[78.955,120.504,0],"ix":1,"l":2},"s":{"a":1,"k":[{"i":{"x":[0.667,0.667,0.667],"y":[1,1,1]},"o":{"x":[0.333,0.333,0.333],"y":[0,0,0]},"t":2,"s":[100,100,100]},{"i":{"x":[0.667,0.667,0.667],"y":[1,1,1]},"o":{"x":[0.333,0.333,0.333],"y":[0,0,0]},"t":7,"s":[50,50,100]},{"i":{"x":[0.667,0.667,0.667],"y":[1,1,1]},"o":{"x":[0.333,0.333,0.333],"y":[0,0,0]},"t":24,"s":[50,50,100]},{"t":34,"s":[100,100,100]}],"ix":6,"l":2}},"ao":0,"shapes":[{"ty":"gr","it":[{"ind":0,"ty":"sh","ix":1,"ks":{"a":0,"k":{"i":[[0.349,-0.257],[-13.707,17.402],[0,0]],"o":[[18.54,12.123],[0,0],[-30.565,-8.637]],"v":[[-28.488,2.742],[28.488,-6.586],[27.938,-7.422]],"c":true},"ix":2},"nm":"Trazado 1","mn":"ADBE Vector Shape - Group","hd":false},{"ty":"fl","c":{"a":0,"k":[0.945098042488,0.443137258291,0.529411792755,1],"ix":4},"o":{"a":0,"k":100,"ix":5},"r":1,"bm":0,"nm":"Relleno 1","mn":"ADBE Vector Graphic - Fill","hd":false},{"ty":"tr","p":{"a":0,"k":[83.156,133.566],"ix":2},"a":{"a":0,"k":[0,0],"ix":1},"s":{"a":0,"k":[100,100],"ix":3},"r":{"a":0,"k":0,"ix":6},"o":{"a":0,"k":100,"ix":7},"sk":{"a":0,"k":0,"ix":4},"sa":{"a":0,"k":0,"ix":5},"nm":"Transformar"}],"nm":"Trazado 14004","np":2,"cix":2,"bm":0,"ix":1,"mn":"ADBE Vector Group","hd":false},{"ty":"gr","it":[{"ind":0,"ty":"sh","ix":1,"ks":{"a":0,"k":{"i":[[0,0],[-22.631,6.797],[1.29,19.879]],"o":[[6.797,22.631],[19.079,-5.73],[0,0]],"v":[[-41.882,-7.706],[11.403,20.964],[41.792,-22.784]],"c":true},"ix":2},"nm":"Trazado 1","mn":"ADBE Vector Shape - Group","hd":false},{"ty":"fl","c":{"a":0,"k":[0.141176477075,0.141176477075,0.286274522543,1],"ix":4},"o":{"a":0,"k":100,"ix":5},"r":1,"bm":0,"nm":"Relleno 1","mn":"ADBE Vector Graphic - Fill","hd":false},{"ty":"tr","p":{"a":0,"k":[78.955,120.504],"ix":2},"a":{"a":0,"k":[0,0],"ix":1},"s":{"a":0,"k":[100,100],"ix":3},"r":{"a":0,"k":0,"ix":6},"o":{"a":0,"k":100,"ix":7},"sk":{"a":0,"k":0,"ix":4},"sa":{"a":0,"k":0,"ix":5},"nm":"Transformar"}],"nm":"Trazado 14003","np":2,"cix":2,"bm":0,"ix":2,"mn":"ADBE Vector Group","hd":false}],"ip":0,"op":48,"st":0,"bm":0},{"ddd":0,"ind":9,"ty":4,"nm":"Capa 15","sr":1,"ks":{"p":{"a":1,"k":[{"i":{"x":0.667,"y":1},"o":{"x":0.333,"y":0},"t":0,"s":[77.85,99.37,0],"to":[0.833,-2,0],"ti":[-0.833,2,0]},{"i":{"x":0.667,"y":0.667},"o":{"x":0.333,"y":0.333},"t":6,"s":[82.85,87.37,0],"to":[0,0,0],"ti":[0,0,0]},{"i":{"x":0.667,"y":1},"o":{"x":0.333,"y":0},"t":24,"s":[82.85,87.37,0],"to":[-0.833,2,0],"ti":[0.833,-2,0]},{"t":36,"s":[77.85,99.37,0]}],"ix":2,"l":2},"a":{"a":0,"k":[77.85,99.37,0],"ix":1,"l":2}},"ao":0,"shapes":[{"ty":"gr","it":[{"ind":0,"ty":"sh","ix":1,"ks":{"a":0,"k":{"i":[[8.905,3.478],[25.645,-23.739],[22.576,8.81],[-25.636,23.744],[23.745,25.636]],"o":[[23.739,25.645],[-17.784,16.462],[23.744,25.636],[25.636,-23.744],[-6.496,-7.014]],"v":[[14.591,-61.103],[11.14,28.314],[-54.845,40.825],[34.567,44.251],[37.993,-45.161]],"c":true},"ix":2},"nm":"Trazado 1","mn":"ADBE Vector Shape - Group","hd":false},{"ty":"fl","c":{"a":0,"k":[0.921568632126,0.921568632126,0.921568632126,1],"ix":4},"o":{"a":0,"k":100,"ix":5},"r":1,"bm":0,"nm":"Relleno 1","mn":"ADBE Vector Graphic - Fill","hd":false},{"ty":"tr","p":{"a":0,"k":[86.256,101.465],"ix":2},"a":{"a":0,"k":[0,0],"ix":1},"s":{"a":0,"k":[100,100],"ix":3},"r":{"a":0,"k":0,"ix":6},"o":{"a":0,"k":100,"ix":7},"sk":{"a":0,"k":0,"ix":4},"sa":{"a":0,"k":0,"ix":5},"nm":"Transformar"}],"nm":"Trazado 13999","np":2,"cix":2,"bm":0,"ix":1,"mn":"ADBE Vector Group","hd":false},{"ty":"gr","it":[{"ind":0,"ty":"sh","ix":1,"ks":{"a":0,"k":{"i":[[-24.707,24.707],[-24.707,-24.707],[24.707,-24.707],[24.707,24.707]],"o":[[24.707,-24.707],[24.707,24.707],[-24.707,24.707],[-24.707,-24.707]],"v":[[-44.735,-44.735],[44.735,-44.735],[44.735,44.735],[-44.735,44.735]],"c":true},"ix":2},"nm":"Trazado 1","mn":"ADBE Vector Shape - Group","hd":false},{"ty":"fl","c":{"a":0,"k":[0.972549021244,0.972549021244,0.972549021244,1],"ix":4},"o":{"a":0,"k":100,"ix":5},"r":1,"bm":0,"nm":"Relleno 1","mn":"ADBE Vector Graphic - Fill","hd":false},{"ty":"tr","p":{"a":0,"k":[77.85,99.37],"ix":2},"a":{"a":0,"k":[0,0],"ix":1},"s":{"a":0,"k":[100,100],"ix":3},"r":{"a":0,"k":0,"ix":6},"o":{"a":0,"k":100,"ix":7},"sk":{"a":0,"k":0,"ix":4},"sa":{"a":0,"k":0,"ix":5},"nm":"Transformar"}],"nm":"Elipse 760","np":2,"cix":2,"bm":0,"ix":2,"mn":"ADBE Vector Group","hd":false}],"ip":0,"op":48,"st":0,"bm":0},{"ddd":0,"ind":10,"ty":4,"nm":"bb1","sr":1,"ks":{"p":{"a":0,"k":[125.812,49.433,0],"ix":2,"l":2}},"ao":0,"shapes":[{"ind":0,"ty":"sh","ix":1,"ks":{"a":0,"k":{"i":[[3.252,26.489],[-26.489,3.252],[-3.252,-26.489],[26.489,-3.252]],"o":[[-3.252,-26.489],[26.489,-3.252],[3.252,26.489],[-26.489,3.252]],"v":[[-47.962,5.889],[-5.889,-47.962],[47.962,-5.889],[5.889,47.962]],"c":true},"ix":2},"nm":"Trazado 1","mn":"ADBE Vector Shape - Group","hd":false},{"ty":"fl","c":{"a":0,"k":[0.866666674614,0.929411768913,0.972549021244,1],"ix":4},"o":{"a":0,"k":100,"ix":5},"r":1,"bm":0,"nm":"Relleno 1","mn":"ADBE Vector Graphic - Fill","hd":false}],"ip":0,"op":48,"st":0,"bm":0},{"ddd":0,"ind":11,"ty":4,"nm":"bb2","sr":1,"ks":{"p":{"a":0,"k":[57.33,127.056,0],"ix":2,"l":2}},"ao":0,"shapes":[{"ind":0,"ty":"sh","ix":1,"ks":{"a":0,"k":{"i":[[-26.002,16.891],[-16.891,-26.002],[26.002,-16.891],[16.891,26.002]],"o":[[26.002,-16.891],[16.891,26.002],[-26.002,16.891],[-16.891,-26.002]],"v":[[-30.583,-47.081],[47.081,-30.583],[30.583,47.081],[-47.081,30.583]],"c":true},"ix":2},"nm":"Trazado 1","mn":"ADBE Vector Shape - Group","hd":false},{"ty":"fl","c":{"a":0,"k":[0.929411768913,0.960784316063,0.980392158031,1],"ix":4},"o":{"a":0,"k":100,"ix":5},"r":1,"bm":0,"nm":"Relleno 1","mn":"ADBE Vector Graphic - Fill","hd":false}],"ip":0,"op":48,"st":0,"bm":0}],"markers":[]}